{
  "knn": {
    "accuracy": 0.7875,
    "macro_f1": 0.7601657262708631
  },
  "logreg": {
    "accuracy": 0.875,
    "macro_f1": 0.8681512983513117
  },
  "transformer": {
    "accuracy": 0.9075,
    "macro_f1": 0.8942269633576597
  }
}